{
  "web": {
    "client_id": "1031684180441-i7gdhi9rh8kcrqo9isg8ndn9h1u0cdfc.apps.googleusercontent.com",
    "project_id": "fpoly-teacher-tool",
    "auth_uri": "https://accounts.google.com/o/oauth2/auth?hd=fpt.edu.vn",
    "token_uri": "https://oauth2.googleapis.com/token",
    "auth_provider_x509_cert_url": "https://www.googleapis.com/oauth2/v1/certs",
    "client_secret": "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",
    "redirect_uris": ["http://localhost/fpoly_manager/admin/login"]
  }
}
